Line #,Name,Description,Designator,Revision ID,Revision State,Revision Status,Quantity,Manufacturer 1,Manufacturer Part Number 1,Manufacturer Lifecycle 1,Supplier 1,Supplier Part Number 1,Supplier Unit Price 1,Supplier Subtotal 1

"","AD7415ARTZ-0500RL7","+/-0.5 degrees C Accurate, 10-Bit Digital Temperature Sensor, 2.7 to 5.5 V Supply, Industrial, 5-pin SOT23 (RJ-5), Reel","U2, U28","","Not managed","","2","","","","","","",""
"","52745-0897","0.5 mm Pitch Easy-On(TM) Type FPC Connector, 2.0 mm Mated Height, Right Angle, ZIF, SMT, Top Contact, 8 Circuits, -20 to 85 degC, ELV and RoHS Compliant, Tape and Reel","J4","","Not managed","","1","","","","","","",""
"","ADG6412BCPZ-REEL7","0.5 mR RON, ±20 V, +36 V, Quad SPST Switch","U9, U13","","Not managed","","2","","","","","","",""
"","TPS74601PDRVT","1-A, low-IQ, high-accuracy, adjustable ultra-low-dropout voltage regulator with power good & enable","U3","","Not managed","","1","","","","","","",""
"","AD8411AWBRMZ","2 V to 70 V Wide Input Voltage Range, 2.7 MHz High Bandwidth, Current-Sense Amplifier with PWM Rejection and Gain 50 V/V","U10, U14, U16","","Not managed","","3","","","","","","",""
"","PRO-OB-440","2.4GHz Bluetooth, WirelessHART, WLAN, Zigbeeâ„¢ Stamped Metal RF Antenna 2.4GHz ~ 2.5GHz - Solder Surface Mount","E1","","Not managed","","1","","","","","","",""
"","XL-2020RGBC-WS2812B","2020 RGB LED(BUILT-IN IC)","D4, D5, D6, D7, D8, D9, D10, D11","","Not managed","","8","","","","","","",""
"","22µF","CAP 2220 X7R 50V 22UF 20% 2.50MM","C65, C66, C67, C69, C70","","Not managed","","5","TDK","CGA9P3X7R1H226M250KB","Volume Production","DigiKey","445-181650-1-ND","10.45","52.25"
"","0.047µF","CAP CER 0.047UF 25V X7R 0603","C13, C18","","Not managed","","2","Yageo Group","C0603C473K3RACAUTO","Volume Production","DigiKey","399-6899-1-ND","0.14","0.28"
"","4.7 µF","CAP CER 4.7UF 35V X7R 0805","C73","","Not managed","","1","Murata","GRM21BZ7YA475KE15K","Volume Production","DigiKey","490-GRM21BZ7YA475KE15KCT-ND","",""
"","4.7 µF","CAP CER 4.7UF 50V X7R 0805","C15, C16, C19, C20","","Not managed","","4","TDK","CGA4J1X7R1H475K125AC","Volume Production","DigiKey","445-181404-1-ND","0.56","2.24"
"","10 µF","CAP CER 10UF 50V X7R 1210","C68","","Not managed","","1","Walsin Technologies","1210B106K500CT","Volume Production","DigiKey","1292-1210B106K500CT-ND","",""
"","47 pF","CAP CER 47PF 50V C0G/NPO 0603","C71","","Not managed","","1","Yageo Group","CC0603KRNPO9BN470","Volume Production","DigiKey","311-4037-1-ND","0.1","0.1"
"","1000 pF","CAP CER 1000PF 25V X7R 0603","C47, C94","","Not managed","","2","Murata","GCJ188R71E102KA01D","Volume Production","DigiKey","490-16478-1-ND","0.11","0.22"
"","10000 pF","CAP CER 10000PF 100V X7R 0603","C77, C78","","Not managed","","2","Yageo Group","AC0603KRX7R0BB103","Volume Production","DigiKey","311-3100-1-ND","0.13","0.26"
"","USB4085-GF-A","CONN RCPT USB2.0 TYPE C 24POS RA","J1","","Unknown server","","1","Global Connector Technology","USB4085-GF-A","","","","",""
"","LTM8056MPY#PBF","DC DC CONVERTER 1.2-48V","U27","","Not managed","","1","","","","","","",""
"","DFLS240-7","DIODE SCHOTTKY 40V 2A POWERDI123","D1, D2","","Unknown server","","2","Diodes Inc.","DFLS240-7","Volume Production","","","",""
"","NRVBA340T3G","DIODE SCHOTTKY 40V 3A SMA","D3","","Unknown server","","1","onsemi","NRVBA340T3G","Volume Production","","","",""
"","RS1MWF-7","DIODE STANDARD 1000V 1A SOD123F","CR1","","Not managed","","1","","","","","","",""
"","BZT52C27-7-F","DIODE ZENER 27V 500MW SOD123","D12, D13","","Not managed","","2","Diodes Inc.","BZT52C27-7-F","Volume Production","DigiKey","BZT52C27-FDICT-ND","",""
"","LTM8078EY#PBF","DUAL 40VIN, 3A SILENT SWITCR UMO","U4","","Unknown server","","1","Analog Devices","LTM8078EY#PBF","Volume Production","","","",""
"","ESP32-P4_MODULE","Dual-core RISC-V high-performance module","U30","","Not managed","","1","","","","","","",""
"","600 Ohms @ 100MHz","EMI BEAD FILETER","FB4","","Not managed","","1","","","","DigiKey","2184-BBPY00201209601Y00CT-ND","",""
"","470 Ohms @ 100 MHz","FERRITE BEAD 470 OHM 1206 1LN","FB11, FB12","","Not managed","","2","Murata","BLM31KN471SN1L","Volume Production","DigiKey","490-16530-1-ND","",""
"","1000 Ohms @ 100 MHz","FERRITE BEAD 1000 OHM 0603 1LN","FB1, FB2, FB3, FB5, FB6, FB7, FB8, FB9, FB10","","Not managed","","9","Walsin Technologies","WLBD1608HCU102TH","Volume Production","DigiKey","1292-WLBD1608HCU102THCT-ND","0.016","0.16"
"","1.6 nH","FIXED IND 1.6NH 700MA 30MOHM SMD","L3","","Not managed","","1","Murata","LQW18AS1N6J0ZD","Volume Production","DigiKey","490-15806-1-ND","0.15","0.15"
"","4.7µH","FIXED IND 4.7UH 1.5A 245MOHM SMD","L2","","Not managed","","1","","","","DigiKey","F12114CT-ND","",""
"","10µH","FIXED IND 10UH 900MA 600 MOHM","L1","","Not managed","","1","Murata","DFE252010F-100M=P2","Volume Production","DigiKey","490-13039-1-ND","0.25","0.25"
"","ADAQ7769-1BBCZ","High Input Impedance, Programmable Gain, 24-Bit, 1MSPS, Alias-Free Î¼ModuleÂ® DAQ Solution","U1, U22, U23","","Not managed","","3","","","","","","",""
"","ADG5204BCPZ-RL7","High Voltage, Latch-up Proof, 4-Channel Multiplexer","U24, U25","","Not managed","","2","","","","","","",""
"","CDCLVC1104PWR","IC CLK BUFFER 1:4 250MHZ 8TSSOP","U20","","Unknown server","","1","Texas Instruments","CDCLVC1104PWR","Volume Production","","","",""
"","SN74HCS02QPWRQ1","IC GATE NOR 4CH 2-INP 14TSSOP","U12","","Unknown server","","1","Texas Instruments","SN74HCS02QPWRQ1","Volume Production","","","",""
"","ADP5071ACPZ","IC REG BST SEPIC ADJ DL 20LFCSP","U5","","Unknown server","","1","Analog Devices","ADP5071ACPZ","Volume Production","","","",""
"","ADP7182ACPZN-R7","IC REG LIN NEG ADJ 200MA 6LFCSP","U7, U31","","Unknown server","","2","Analog Devices","ADP7182ACPZN-R7","Volume Production","","","",""
"","ADP7142ACPZN-R7","IC REG LIN POS ADJ 200MA 6LFCSP","U6, U29","","Unknown server","","2","Analog Devices","ADP7142ACPZN-R7","Volume Production","","","",""
"","Taken From Chinese PCB","IC REG LINEAR LED DRIVER 60mA","IC1","","Not managed","","1","Diodes Inc.","AP7313-15SRG-7","Volume Production","DigiKey","31-AP7313-15SRG-7CT-ND","0.27","0.27"
"","ADR4540CRZ","IC VREF SERIES 0.02% 8SOIC","U18","","Unknown server","","1","Analog Devices","ADR4540CRZ","Volume Production","","","",""
"","LT6656BCS6-5#TRMPBF","IC VREF SERIES 0.1% TSOT23-6","U21","","Unknown server","","1","Analog Devices","LT6656BCS6-5#TRMPBF","Volume Production","","","",""
"","PR20204VBDN","PIN HEADER, THR, DUAL ROW, .100""","J2, J3, J5","","Unknown server","","3","Metz Connect","PR20204VBDN","Volume Production","","","",""
"","ADCMP600BKSZ-R2","Rail-to-Rail, Very Fast, 2.5 V to 5.5 V, Single-Supply TTL/CMOS Comparator in 5-lead SC70 and SOT-23 Packages","U8, U11, U15, U17","","Not managed","","4","","","","","","",""
"","0 Ohms","RES 0 OHM JUMPER 0603","R1, R40, R47, R54, R70","","Not managed","","5","Vishay","WSL060300000ZEA9","Volume Production","DigiKey","541-3927-1-ND","1.55","7.75"
"","20 mOhms","RES 0.02 OHM 1% 1W 1206","R53","","Not managed","","1","Panasonic","ERJ-8BWFR020V","Volume Production","DigiKey","P.020AUCT-ND","0.7","0.7"
"","22 mOhms","RES 0.022 OHM 1W 1206 WIDE","R55","","Not managed","","1","Panasonic","ERJD2DFR022V","Volume Production","DigiKey","P124357CT-ND","0.74","0.74"
"","50 mOhms","RES 0.05 OHM 1% 2W 2512","R30","","Not managed","","1","TE Connectivity","TLRP3A20WR050FTE","Volume Production","DigiKey","1712-TLRP3A20WR050FTECT-ND","0.79","0.79"
"","1.69 kOhms","RES 1.69K OHM 1% 1/10W 0603","R5, R6","","Not managed","","2","Vishay","CRCW06031K69FKEAC","Volume Production","DigiKey","541-5240-1-ND","0.1","0.2"
"","3.16 MOhms","RES 3.16M OHM 1% 1/10W 0603","R12","","Not managed","","1","Stackpole Electronics","RMCF0603FT3M16","Volume Production","DigiKey","RMCF0603FT3M16CT-ND","",""
"","3.4 MOhms","RES 3.4M OHM 1% 1/10W 0603","R23","","Not managed","","1","Stackpole Electronics","RMCF0603FT3M40","Volume Production","DigiKey","RMCF0603FT3M40CT-ND","0.1","0.1"
"","1 kOhms","RES SMD 1K OHM 1% 1/3W 0603","R26, R29, R34, R36, R42, R73","","Not managed","","6","Panasonic","ERJPA3F1001V","Volume Production","DigiKey","P1.0KBYCT-ND","",""
"","2 Ohms","RES SMD 2 OHM 1% 2W 2512","R27","","Not managed","","1","Bourns","CRM2512-FX-2R00ELF","Volume Production","DigiKey","CRM2512-FX-2R00ELFCT-ND","",""
"","2.8 kOhms","RES SMD 2.8K OHM 1% 1/10W 0603","R32","","Not managed","","1","Panasonic","ERJ3EKF2801V","Volume Production","DigiKey","P2.80KHCT-ND","0.1","0.1"
"","5.1 kOhms","RES SMD 5.1K OHM 1% 1/3W 0603","R61, R64","","Not managed","","2","Panasonic","ERJPA3F5101V","Volume Production","DigiKey","P5.1KBYCT-ND","0.15","0.3"
"","6.98 kOhms","RES SMD 6.98K OHM 1% 1/10W 0603","R8","","Not managed","","1","Panasonic","ERJ-3EKF6981V","Volume Production","DigiKey","P6.98KHCT-ND","0.1","0.1"
"","10 kOhms","RES SMD 10K OHM 1% 1/3W 0603","R13, R25, R28, R35, R43, R44, R46, R62, R68, R69, R74, R76","","Not managed","","12","Panasonic","ERJPA3F1002V","Volume Production","DigiKey","P10KBYCT-ND","",""
"","10.2 kOhms","RES SMD 10.2K OHM 1% 1/10W 0603","R59","","Not managed","","1","Panasonic","ERJ3EKF1022V","Volume Production","DigiKey","P10.2KHCT-ND","0.1","0.1"
"","11.3 kOhms","RES SMD 11.3K OHM 1% 1/10W 0603","R57","","Not managed","","1","Panasonic","ERJ-3EKF1132V","Volume Production","DigiKey","P11.3KHCT-ND","0.1","0.1"
"","13 kOhms","RES SMD 13K OHM 1% 1/3W 0603","R21, R37, R38, R63, R66","","Not managed","","5","Panasonic","ERJPA3F1302V","Volume Production","DigiKey","P13KBYCT-ND","0.072","0.72"
"","14.3 kOhms","RES SMD 14.3K OHM 1% 1/10W 0603","R33","","Not managed","","1","Panasonic","ERJ-3EKF1432V","Volume Production","DigiKey","P14.3KHCT-ND","0.1","0.1"
"","17.8 kOhms","RES SMD 17.8K OHM 1% 1/10W 0603","R58","","Not managed","","1","Panasonic","ERJ-3EKF1782V","Volume Production","DigiKey","P17.8KHCT-ND","0.1","0.1"
"","18.7 kOhms","RES SMD 18.7K OHM 1% 1/10W 0603","R18, R19","","Not managed","","2","Panasonic","ERJ3EKF1872V","Volume Production","DigiKey","P18.7KHCT-ND","0.1","0.2"
"","19.1 kOhms","RES SMD 19.1K OHM 1% 1/10W 0603","R31","","Not managed","","1","Panasonic","ERJ3EKF1912V","Volume Production","DigiKey","P19.1KHCT-ND","0.1","0.1"
"","22 kOhms","RES SMD 22K OHM 1% 1/10W 0603","R9","","Not managed","","1","Panasonic","ERJ3EKF2202V","Volume Production","DigiKey","P22.0KHCT-ND","0.1","0.1"
"","27 kOhms","RES SMD 27K OHM 1% 1/3W 0603","R16","","Not managed","","1","Panasonic","ERJPA3F2702V","Volume Production","DigiKey","P27KBYCT-ND","0.15","0.15"
"","34.8 kOhms","RES SMD 34.8K OHM 1% 1/10W 0603","R7","","Not managed","","1","Panasonic","ERJ-3EKF3482V","Volume Production","DigiKey","P34.8KHCT-ND","0.1","0.1"
"","44.2 kOhms","RES SMD 44.2K OHM 1% 1/10W 0603","R10","","Not managed","","1","Panasonic","ERJ-3EKF4422V","Volume Production","DigiKey","P44.2KHCT-ND","0.1","0.1"
"","51 Ohms","RES SMD 51 OHM 5% 2W 2512","R24","","Not managed","","1","Bourns","CRM2512-JW-510ELF","Volume Production","DigiKey","118-CRM2512-JW-510ELFCT-ND","0.44","0.44"
"","51.1 kOhms","RES SMD 51.1K OHM 1% 1/10W 0603","R14","","Not managed","","1","Panasonic","ERJ3EKF5112V","Volume Production","DigiKey","P51.1KHCT-ND","0.1","0.1"
"","78.7 kOhms","RES SMD 78.7K OHM 1% 1/10W 0603","R11","","Not managed","","1","Panasonic","ERJ-3EKF7872V","Volume Production","DigiKey","P78.7KHCT-ND","0.1","0.1"
"","90.9 kOhms","RES SMD 90.9K OHM 1% 1/10W 0603","R56","","Not managed","","1","Panasonic","ERJ-3EKF9092V","Volume Production","DigiKey","P90.9KHCT-ND","0.1","0.1"
"","100 Ohms","RES SMD 100 OHM 1% 1/3W 0603","R71, R72, R75","","Not managed","","3","Panasonic","ERJPA3F1000V","Volume Production","DigiKey","P100BYCT-ND","0.15","0.45"
"","100 kOhms","RES SMD 100K OHM 1% 1/3W 0603","DNP, R2, R3, R4, R20, R22, R41, R51, R65, R67","","Not managed","","10","Panasonic","ERJPA3F1003V","Volume Production","DigiKey","P100KBYCT-ND","0.072","0.72"
"","102 kOhms","RES SMD 102K OHM 1% 1/10W 0603","R15","","Not managed","","1","Panasonic","ERJ3EKF1023V","Volume Production","DigiKey","P102KHCT-ND","0.1","0.1"
"","105 kOhms","RES SMD 105K OHM 1% 1/10W 0603","R60","","Not managed","","1","Panasonic","ERJ3EKF1053V","Volume Production","DigiKey","P105KHCT-ND","0.1","0.1"
"","147 kOhms","RES SMD 147K OHM 1% 1/10W 0603","R39","","Not managed","","1","Panasonic","ERJ-3EKF1473V","Volume Production","DigiKey","P147KHCT-ND","0.1","0.1"
"","150 kOhms","RES SMD 150K OHM 1% 1/3W 0603","R17","","Not managed","","1","Panasonic","ERJPA3F1503V","Volume Production","DigiKey","P150KBYCT-ND","0.15","0.15"
"","191 kOhms","RES SMD 191K OHM 1% 1/10W 0603","R52","","Not managed","","1","Panasonic","ERJ3EKF1913V","Volume Production","DigiKey","P191KHCT-ND","0.1","0.1"
"","243 kOhms","RES SMD 243K OHM 1% 1/10W 0603","R77","","Not managed","","1","Panasonic","ERJ-3EKF2433V","Volume Production","DigiKey","P243KHCT-ND","0.1","0.1"
"","SiT8208AI-22-33E-16.384000X","SiT8208AI-22-33E-16.384000X","Y1","","Unknown server","","1","SiTime","SIT8208AI-2F-33E-25.000000Y","Volume Production","","","",""
"","1 µF","SMT Capacitor","C1, C2, C3, C5, C6, C17, C35, C41, C51, C52, C53, C54, C55, C56, C57, C58, C59, C60, C80, C83, C91, C98","","Not managed","","22","Cal-Chip Electronics","GMC10X7R105M50NT","Volume Production","DigiKey","4713-GMC10X7R105M50NTCT-ND","0.211","4.64"
"","0.1 µF","SMT Capacitor","C4, C9, C10, C11, C21, C22, C23, C24, C25, C26, C27, C28, C29, C30, C31, C32, C33, C36, C37, C38, C39, C40, C42, C43, C44, C50, C61, C62, C63, C64, C72, C74, C75, C79, C81, C82, C87, C88, C89, C90, C97","","Not managed","","41","Yageo Group","C0603C104M5RACTU","Volume Production","DigiKey","399-C0603C104M5RACTUCT-ND","0.151","7.55"
"","0.33 µF","SMT Capacitor","C7","","Not managed","","1","TDK","CGA5L3X8R2A334K160AB","Volume Production","DigiKey","445-12977-1-ND","0.67","0.67"
"","22 µF","SMT Capacitor","C8, C12, C14, C76, C84","","Not managed","","5","","","","DigiKey","490-GRM188C61C226ME01DCT-ND","",""
"","2.2 µF","SMT Capacitor","C34","","Not managed","","1","Cal-Chip Electronics","GMC21X7R225M35NT","Volume Production","DigiKey","4713-GMC21X7R225M35NTCT-ND","0.77","0.77"
"","2.2 µF","SMT Capacitor","C45, C46, C48, C49, C92, C93, C95, C96","","Not managed","","8","TAIYO YUDEN","UMK212BB7225KG-T","Volume Production","DigiKey","587-3169-1-ND","0.184","1.84"
"","4.7 pF","SMT Capacitor","C85","","Not managed","","1","KYOCERA AVX","06035C4R7KAT2A","Volume Production","DigiKey","478-06035C4R7KAT2ACT-ND","0.2","0.2"
"","2.7 pF","SMT Capacitor","C86","","Not managed","","1","","","","DigiKey","399-C0603C279D5GAC7867CT-ND","",""
"","430473035826","Switch Tactile Spst-no 0.05A 12V","BOOT, DOWN, OK, RST, UP","","Unknown server","","5","Wurth Elektronik","430473035826","Volume Production","","","",""
"","691382010004","Terminal Block, R/A Header, 4Pos, Th Rohs Compliant: Yes","P1","","Unknown server","","1","Wurth Elektronik","691382010004","Volume Production","","","",""
"","DS4424+","Two-/Four-Channel, IÂ²C, 7-Bit Sink/Source Current DAC","U26","","Not managed","","1","","","","","","",""
