# Name,   Type, SubType, Offset,    Size,     Flags
# BugBuster partition table — 16 MB flash, A/B OTA + web SPIFFS + scripts SPIFFS
# NOTE: ESP-IDF requires offset-ordered rows. Two partitions share subtype=spiffs
# (web UI + MicroPython scripts), so stock PlatformIO picks the wrong one
# (the last subtype=spiffs match → `scripts` at 0xc10000). The project
# extra script `scripts/pio_webfs_partition.py` forces buildfs/uploadfs back to
# the web UI partition at 0x810000 with size 0x400000.
# Both partitions still mount at runtime via partition_label lookup in main.cpp.
nvs,      data, nvs,     0x9000,    0x5000,
otadata,  data, ota,     0xe000,    0x2000,
app0,     app,  ota_0,   0x10000,   0x400000,
app1,     app,  ota_1,   0x410000,  0x400000,
spiffs,   data, spiffs,  0x810000,  0x400000,
scripts,  data, spiffs,  0xc10000,  0x300000,
coredump, data, coredump,0xf10000,  0x40000,
